{"cameraMode":{"drawMode":0,"name":"Shaded","section":"Shading Mode"},"sceneLighting":false,"audioPlay":false,"sceneViewState":{"m_AlwaysRefresh":false,"showFog":true,"showSkybox":false,"showFlares":true,"showImageEffects":true,"showParticleSystems":true,"showVisualEffectGraphs":true,"m_FxEnabled":true},"in2DMode":false,"pivot":{"x":-0.009338125586509705,"y":-0.15402045845985413,"z":0.37460872530937197},"rotation":{"x":-0.13253197073936463,"y":-0.4909709393978119,"z":0.07586613297462464,"w":-0.8576911687850952},"size":0.0813148021697998,"orthographic":false}